{
  "multipart": [
    {
      "apply": {
        "model": "minecraft:block/crimson_fence_post"
      }
    },
	
    {
      "when": {
        "north": "true"
      },
      "apply": {
        "model": "minecraft:block/crimson_fence_side",
        "uvlock": true
      }
    },
	{
      "when": {
        "north": "true",
        "waterlogged": "true"
      },
      "apply": {
        "model": "minecraft:block/waterlogged_crimson_fence_side",
        "uvlock": true
      }
    },
	
    {
      "when": {
        "east": "true"
      },
      "apply": {
        "model": "minecraft:block/crimson_fence_side",
        "y": 90,
        "uvlock": true
      }
    },
	{
      "when": {
        "east": "true",
        "waterlogged": "true"
      },
      "apply": {
        "model": "minecraft:block/waterlogged_crimson_fence_side",
        "y": 90,
        "uvlock": true
      }
    },
	
    {
      "when": {
        "south": "true"
      },
      "apply": {
        "model": "minecraft:block/crimson_fence_side",
        "y": 180,
        "uvlock": true
      }
    },
	{
      "when": {
        "south": "true",
        "waterlogged": "true"
      },
      "apply": {
        "model": "minecraft:block/waterlogged_crimson_fence_side",
        "y": 180,
        "uvlock": true
      }
    },
	
    {
      "when": {
        "west": "true"
      },
      "apply": {
        "model": "minecraft:block/crimson_fence_side",
        "y": 270,
        "uvlock": true
      }
    },
	{
      "when": {
        "west": "true",
        "waterlogged": "true"
      },
      "apply": {
        "model": "minecraft:block/waterlogged_crimson_fence_side",
        "y": 270,
        "uvlock": true
      }
	}
  ]
}