{
  "variants": {
    "facing=east,lit=false,waterlogged=false": {
      "model": "minecraft:block/campfire_off",
      "y": 270
    },
    "facing=east,lit=false,waterlogged=true": {
      "model": "minecraft:block/waterlogged_campfire_off",
      "y": 270
    },
    "facing=east,lit=true": {
      "model": "minecraft:block/soul_campfire",
      "y": 270
    },
    "facing=north,lit=false,waterlogged=false": {
      "model": "minecraft:block/campfire_off",
      "y": 180
    },
    "facing=north,lit=false,waterlogged=true": {
      "model": "minecraft:block/waterlogged_campfire_off",
      "y": 180
    },
    "facing=north,lit=true": {
      "model": "minecraft:block/soul_campfire",
      "y": 180
    },
    "facing=south,lit=false,waterlogged=false": {
      "model": "minecraft:block/campfire_off"
    },
    "facing=south,lit=false,waterlogged=true": {
      "model": "minecraft:block/waterlogged_campfire_off"
    },
    "facing=south,lit=true": {
      "model": "minecraft:block/soul_campfire"
    },
    "facing=west,lit=false,waterlogged=false": {
      "model": "minecraft:block/campfire_off",
      "y": 90
    },
    "facing=west,lit=false,waterlogged=true": {
      "model": "minecraft:block/waterlogged_campfire_off",
      "y": 90
    },
    "facing=west,lit=true": {
      "model": "minecraft:block/soul_campfire",
      "y": 90
    }
  }
}